{
  "model_hash": "66209d92a529356c4e73786f8cd34f9f28477f999a536f0aa24b0236595fa45e",
  "dataset_hash": "08947a833247a9fd69031a574bbabd046d4611e74e3f331c7dad7bb0194d32b4",
  "metadata": {
    "author": "Sachin Sampras",
    "timestamp": "2025-07-15T10:00:00Z",
    "framework": "PyTorch",
    "dataset_id": "demo-v1",
    "description": "Dummy model for signing test"
  },
  "signature": "MEUCIQDVxShc3CMOy3fvzqBIBwYG3P9PyVTc2ADXArv3jhcIZAIgE76ce7Jo8AQSuD5d08o/EOBSnAKbsBcHzuKxkTKarGQ=",
  "public_key": "MFkwEwYHKoZIzj0CAQYIKoZIzj0DAQcDQgAEg4U078rMdYKWHe2VCOvpdhxaxzLzAFM3IY72nOT2NPt20G6ebMEiYK5TDgZZRucd5qI5oDOSFoUy9I0uk6/HOg=="
}